Workbook

Sheet Messdaten
A4: Test_ID | B4: Zeit_1_s | C4: Zeit_2_s | D4: Zeit_3_s | E4: Zeit_4_s | F4: Mittelwert_s | G4: StdAbw_s | H4: Bestzeit_s | I4: Schlechtestzeit_s | J4: Grund_Geschwindigkeit | K4: Min_Motor | L4: Max_Motor | M4: Losfahr_Geschwindigkeit | N4: Korrektur_Gerade | O4: Korrektur_Start | P4: Korrektur_Max | Q4: Korrektur_Anstieg_s | R4: Gerade_Toleranz | S4: Regel_Pause | T4: Korrektur_Fast_Mitte | U4: Bemerkung | V4: Hilfswert_Rang
A5: V001 | B5: 34 | C5: 36 | D5: 39 | E5: 38 | F5: =IF(COUNT(B5:E5)=0,"",AVERAGE(B5:E5)) -> 36.75 | G5: =IF(COUNT(B5:E5)<2,"",_xlfn.STDEV.S(B5:E5)) -> 2.2173558 | H5: =IF(COUNT(B5:E5)=0,"",MIN(B5:E5)) -> 34 | I5: =IF(COUNT(B5:E5)=0,"",MAX(B5:E5)) -> 39 | J5: 23 | K5: -15 | L5: 35 | M5: 20 | N5: 4 | O5: 12 | P5: 35 | Q5: 16 | R5: 0.12 | S5: 0.03 | T5: 5 | V5: =IF(F5="","",F5+ROW()/100000) -> 36.75005
A6: V002 | B6: 35 | C6: 36 | D6: 35.5 | E6: 35.7 | F6: =IF(COUNT(B6:E6)=0,"",AVERAGE(B6:E6)) -> 35.55 | G6: =IF(COUNT(B6:E6)<2,"",_xlfn.STDEV.S(B6:E6)) -> 0.42031734 | H6: =IF(COUNT(B6:E6)=0,"",MIN(B6:E6)) -> 35 | I6: =IF(COUNT(B6:E6)=0,"",MAX(B6:E6)) -> 36 | J6: 24 | K6: -22 | L6: 40 | M6: 20 | N6: 10 | O6: 12 | P6: 35 | Q6: 10 | R6: 0.2 | S6: 0.03 | T6: 10 | U6: Codeanpassungen | V6: =IF(F6="","",F6+ROW()/100000) -> 35.55006
A7: V003 | B7: 37 | C7: 38 | D7: 37.1 | E7: 39 | F7: =IF(COUNT(B7:E7)=0,"",AVERAGE(B7:E7)) -> 37.775 | G7: =IF(COUNT(B7:E7)<2,"",_xlfn.STDEV.S(B7:E7)) -> 0.93229108 | H7: =IF(COUNT(B7:E7)=0,"",MIN(B7:E7)) -> 37 | I7: =IF(COUNT(B7:E7)=0,"",MAX(B7:E7)) -> 39 | J7: 24 | K7: -22 | L7: 40 | M7: 20 | N7: 10 | O7: 12 | P7: 35 | Q7: 10 | R7: 0.15 | S7: 0.03 | T7: 10 | U7: sehr ruhig | V7: =IF(F7="","",F7+ROW()/100000) -> 37.77507
A8: V004 | B8: 32.1 | C8: 33 | D8: 32.4 | E8: 32 | F8: =IF(COUNT(B8:E8)=0,"",AVERAGE(B8:E8)) -> 32.375 | G8: =IF(COUNT(B8:E8)<2,"",_xlfn.STDEV.S(B8:E8)) -> 0.45 | H8: =IF(COUNT(B8:E8)=0,"",MIN(B8:E8)) -> 32 | I8: =IF(COUNT(B8:E8)=0,"",MAX(B8:E8)) -> 33 | J8: 30 | K8: -22 | L8: 40 | M8: 20 | N8: 10 | O8: 12 | P8: 35 | Q8: 10 | R8: 0.15 | S8: 0.03 | T8: 10 | V8: =IF(F8="","",F8+ROW()/100000) -> 32.37508
A9: V005 | B9: 32.8 | C9: 31.6 | F9: =IF(COUNT(B9:E9)=0,"",AVERAGE(B9:E9)) -> 32.2 | G9: =IF(COUNT(B9:E9)<2,"",_xlfn.STDEV.S(B9:E9)) -> 0.84852814 | H9: =IF(COUNT(B9:E9)=0,"",MIN(B9:E9)) -> 31.6 | I9: =IF(COUNT(B9:E9)=0,"",MAX(B9:E9)) -> 32.8 | J9: 30 | K9: -22 | L9: 40 | M9: 20 | N9: 10 | O9: 8 | P9: 35 | Q9: 12 | R9: 0.15 | S9: 0.03 | T9: 5 | U9: 1x Linie nicht erkannt | V9: =IF(F9="","",F9+ROW()/100000) -> 32.20009
A10: V006 | B10: keine Werte | F10: =IF(COUNT(B10:E10)=0,"",AVERAGE(B10:E10)) | G10: =IF(COUNT(B10:E10)<2,"",_xlfn.STDEV.S(B10:E10)) | H10: =IF(COUNT(B10:E10)=0,"",MIN(B10:E10)) | I10: =IF(COUNT(B10:E10)=0,"",MAX(B10:E10)) | U10: "korrektur * 3" in der Gegenläufigen Funktion | V10: =IF(F10="","",F10+ROW()/100000)
A11: V007 | B11: 29.8 | C11: 31 | D11: 31 | E11: 29 | F11: =IF(COUNT(B11:E11)=0,"",AVERAGE(B11:E11)) -> 30.2 | G11: =IF(COUNT(B11:E11)<2,"",_xlfn.STDEV.S(B11:E11)) -> 0.9797959 | H11: =IF(COUNT(B11:E11)=0,"",MIN(B11:E11)) -> 29 | I11: =IF(COUNT(B11:E11)=0,"",MAX(B11:E11)) -> 31 | J11: 30 | K11: -25 | L11: 45 | M11: empty | N11: 10 | O11: 8 | P11: 35 | Q11: 12 | R11: 0.5 | S11: 0.01 | T11: 8 | U11: Starke Codeanpassungen: Rechnungen wurden verändert; Losfahrgeschwindigkeit rausgenommen | V11: =IF(F11="","",F11+ROW()/100000) -> 30.20011
A12: V008 | B12: 31 | C12: 30.9 | D12: 30 | E12: 31.4 | F12: =IF(COUNT(B12:E12)=0,"",AVERAGE(B12:E12)) -> 30.825 | G12: =IF(COUNT(B12:E12)<2,"",_xlfn.STDEV.S(B12:E12)) -> 0.59090326 | H12: =IF(COUNT(B12:E12)=0,"",MIN(B12:E12)) -> 30 | I12: =IF(COUNT(B12:E12)=0,"",MAX(B12:E12)) -> 31.4 | J12: 30 | K12: -25 | L12: 45 | M12: empty | N12: 8 | O12: 5 | P12: 35 | Q12: 12 | R12: 0.5 | S12: 0.01 | T12: 8 | V12: =IF(F12="","",F12+ROW()/100000) -> 30.82512
A13: V009 | B13: 27 | C13: 27.4 | D13: 27.1 | E13: 27.3 | F13: =IF(COUNT(B13:E13)=0,"",AVERAGE(B13:E13)) -> 27.2 | G13: =IF(COUNT(B13:E13)<2,"",_xlfn.STDEV.S(B13:E13)) -> 0.18257419 | H13: =IF(COUNT(B13:E13)=0,"",MIN(B13:E13)) -> 27 | I13: =IF(COUNT(B13:E13)=0,"",MAX(B13:E13)) -> 27.4 | J13: 35 | K13: -25 | L13: 45 | M13: empty | N13: 8 | O13: 5 | P13: 35 | Q13: 12 | R13: 0.3 | S13: 0.01 | T13: 8 | V13: =IF(F13="","",F13+ROW()/100000) -> 27.20013
A14: V010 | B14: 28 | C14: 29 | D14: 27 | E14: 28.3 | F14: =IF(COUNT(B14:E14)=0,"",AVERAGE(B14:E14)) -> 28.075 | G14: =IF(COUNT(B14:E14)<2,"",_xlfn.STDEV.S(B14:E14)) -> 0.83016063 | H14: =IF(COUNT(B14:E14)=0,"",MIN(B14:E14)) -> 27 | I14: =IF(COUNT(B14:E14)=0,"",MAX(B14:E14)) -> 29 | J14: 37 | K14: -25 | L14: 42 | M14: empty | N14: 8 | O14: 5 | P14: 35 | Q14: 12 | R14: 0.8 | S14: 0.01 | T14: 8 | V14: =IF(F14="","",F14+ROW()/100000) -> 28.07514
A15: V011 | B15: 27 | C15: 29 | D15: 30.5 | E15: 27 | F15: =IF(COUNT(B15:E15)=0,"",AVERAGE(B15:E15)) -> 28.375 | G15: =IF(COUNT(B15:E15)<2,"",_xlfn.STDEV.S(B15:E15)) -> 1.7017148 | H15: =IF(COUNT(B15:E15)=0,"",MIN(B15:E15)) -> 27 | I15: =IF(COUNT(B15:E15)=0,"",MAX(B15:E15)) -> 30.5 | J15: 37 | K15: -25 | L15: 42 | M15: empty | N15: 8 | O15: 5 | P15: 35 | Q15: 12 | R15: 0.8 | S15: 0.02 | T15: 8 | U15: sehr starkes ausbrechen | V15: =IF(F15="","",F15+ROW()/100000) -> 28.37515
A16: V012 | B16: 28.6 | C16: 29 | D16: 29.1 | E16: 31 | F16: =IF(COUNT(B16:E16)=0,"",AVERAGE(B16:E16)) -> 29.425 | G16: =IF(COUNT(B16:E16)<2,"",_xlfn.STDEV.S(B16:E16)) -> 1.0719919 | H16: =IF(COUNT(B16:E16)=0,"",MIN(B16:E16)) -> 28.6 | I16: =IF(COUNT(B16:E16)=0,"",MAX(B16:E16)) -> 31 | J16: 35 | K16: -25 | L16: 45 | M16: empty | N16: 8 | O16: 5 | P16: 35 | Q16: 12 | R16: 0.8 | S16: 0.15 | T16: 8 | U16: weniger starkes ansbrechen, aber noch stark | V16: =IF(F16="","",F16+ROW()/100000) -> 29.42516
A17: V013 | B17: 28 | C17: 26.6 | D17: 28.4 | E17: 29.1 | F17: =IF(COUNT(B17:E17)=0,"",AVERAGE(B17:E17)) -> 28.025 | G17: =IF(COUNT(B17:E17)<2,"",_xlfn.STDEV.S(B17:E17)) -> 1.0531698 | H17: =IF(COUNT(B17:E17)=0,"",MIN(B17:E17)) -> 26.6 | I17: =IF(COUNT(B17:E17)=0,"",MAX(B17:E17)) -> 29.1 | J17: 35 | K17: -25 | L17: 45 | M17: empty | N17: 8 | O17: 5 | P17: 35 | Q17: 12 | R17: 0.3 | S17: 0.005 | T17: 8 | U17: Optimierung von V009; sehr gripplastig | V17: =IF(F17="","",F17+ROW()/100000) -> 28.02517
A18: V014 | B18: 26.4 | C18: 28 | D18: 27.3 | E18: 27.1 | F18: =IF(COUNT(B18:E18)=0,"",AVERAGE(B18:E18)) -> 27.2 | G18: =IF(COUNT(B18:E18)<2,"",_xlfn.STDEV.S(B18:E18)) -> 0.65828059 | H18: =IF(COUNT(B18:E18)=0,"",MIN(B18:E18)) -> 26.4 | I18: =IF(COUNT(B18:E18)=0,"",MAX(B18:E18)) -> 28 | J18: 35 | K18: -25 | L18: 45 | M18: empty | N18: 8 | O18: 5 | P18: 35 | Q18: 12 | R18: 0.3 | S18: 0.009 | T18: 8 | U18: Optimierung von V009; mehr Abweichung als V009, aber schneller wenn alles gut läuft | V18: =IF(F18="","",F18+ROW()/100000) -> 27.20018
A19: V015 | F19: =IF(COUNT(B19:E19)=0,"",AVERAGE(B19:E19)) | G19: =IF(COUNT(B19:E19)<2,"",_xlfn.STDEV.S(B19:E19)) | H19: =IF(COUNT(B19:E19)=0,"",MIN(B19:E19)) | I19: =IF(COUNT(B19:E19)=0,"",MAX(B19:E19)) | V19: =IF(F19="","",F19+ROW()/100000)
A20: V016 | F20: =IF(COUNT(B20:E20)=0,"",AVERAGE(B20:E20)) | G20: =IF(COUNT(B20:E20)<2,"",_xlfn.STDEV.S(B20:E20)) | H20: =IF(COUNT(B20:E20)=0,"",MIN(B20:E20)) | I20: =IF(COUNT(B20:E20)=0,"",MAX(B20:E20)) | V20: =IF(F20="","",F20+ROW()/100000)
A21: V017 | F21: =IF(COUNT(B21:E21)=0,"",AVERAGE(B21:E21)) | G21: =IF(COUNT(B21:E21)<2,"",_xlfn.STDEV.S(B21:E21)) | H21: =IF(COUNT(B21:E21)=0,"",MIN(B21:E21)) | I21: =IF(COUNT(B21:E21)=0,"",MAX(B21:E21)) | V21: =IF(F21="","",F21+ROW()/100000)
A22: V018 | F22: =IF(COUNT(B22:E22)=0,"",AVERAGE(B22:E22)) | G22: =IF(COUNT(B22:E22)<2,"",_xlfn.STDEV.S(B22:E22)) | H22: =IF(COUNT(B22:E22)=0,"",MIN(B22:E22)) | I22: =IF(COUNT(B22:E22)=0,"",MAX(B22:E22)) | V22: =IF(F22="","",F22+ROW()/100000)
A23: V019 | F23: =IF(COUNT(B23:E23)=0,"",AVERAGE(B23:E23)) | G23: =IF(COUNT(B23:E23)<2,"",_xlfn.STDEV.S(B23:E23)) | H23: =IF(COUNT(B23:E23)=0,"",MIN(B23:E23)) | I23: =IF(COUNT(B23:E23)=0,"",MAX(B23:E23)) | V23: =IF(F23="","",F23+ROW()/100000)
A24: V020 | F24: =IF(COUNT(B24:E24)=0,"",AVERAGE(B24:E24)) | G24: =IF(COUNT(B24:E24)<2,"",_xlfn.STDEV.S(B24:E24)) | H24: =IF(COUNT(B24:E24)=0,"",MIN(B24:E24)) | I24: =IF(COUNT(B24:E24)=0,"",MAX(B24:E24)) | V24: =IF(F24="","",F24+ROW()/100000)
A25: V021 | F25: =IF(COUNT(B25:E25)=0,"",AVERAGE(B25:E25)) | G25: =IF(COUNT(B25:E25)<2,"",_xlfn.STDEV.S(B25:E25)) | H25: =IF(COUNT(B25:E25)=0,"",MIN(B25:E25)) | I25: =IF(COUNT(B25:E25)=0,"",MAX(B25:E25)) | V25: =IF(F25="","",F25+ROW()/100000)
A26: V022 | F26: =IF(COUNT(B26:E26)=0,"",AVERAGE(B26:E26)) | G26: =IF(COUNT(B26:E26)<2,"",_xlfn.STDEV.S(B26:E26)) | H26: =IF(COUNT(B26:E26)=0,"",MIN(B26:E26)) | I26: =IF(COUNT(B26:E26)=0,"",MAX(B26:E26)) | V26: =IF(F26="","",F26+ROW()/100000)
A27: V023 | F27: =IF(COUNT(B27:E27)=0,"",AVERAGE(B27:E27)) | G27: =IF(COUNT(B27:E27)<2,"",_xlfn.STDEV.S(B27:E27)) | H27: =IF(COUNT(B27:E27)=0,"",MIN(B27:E27)) | I27: =IF(COUNT(B27:E27)=0,"",MAX(B27:E27)) | V27: =IF(F27="","",F27+ROW()/100000)
A28: V024 | F28: =IF(COUNT(B28:E28)=0,"",AVERAGE(B28:E28)) | G28: =IF(COUNT(B28:E28)<2,"",_xlfn.STDEV.S(B28:E28)) | H28: =IF(COUNT(B28:E28)=0,"",MIN(B28:E28)) | I28: =IF(COUNT(B28:E28)=0,"",MAX(B28:E28)) | V28: =IF(F28="","",F28+ROW()/100000)
A29: V025 | F29: =IF(COUNT(B29:E29)=0,"",AVERAGE(B29:E29)) | G29: =IF(COUNT(B29:E29)<2,"",_xlfn.STDEV.S(B29:E29)) | H29: =IF(COUNT(B29:E29)=0,"",MIN(B29:E29)) | I29: =IF(COUNT(B29:E29)=0,"",MAX(B29:E29)) | V29: =IF(F29="","",F29+ROW()/100000)
A30: V026 | F30: =IF(COUNT(B30:E30)=0,"",AVERAGE(B30:E30)) | G30: =IF(COUNT(B30:E30)<2,"",_xlfn.STDEV.S(B30:E30)) | H30: =IF(COUNT(B30:E30)=0,"",MIN(B30:E30)) | I30: =IF(COUNT(B30:E30)=0,"",MAX(B30:E30)) | V30: =IF(F30="","",F30+ROW()/100000)
A31: V027 | F31: =IF(COUNT(B31:E31)=0,"",AVERAGE(B31:E31)) | G31: =IF(COUNT(B31:E31)<2,"",_xludf.STDEV.S(B31:E31)) | H31: =IF(COUNT(B31:E31)=0,"",MIN(B31:E31)) | I31: =IF(COUNT(B31:E31)=0,"",MAX(B31:E31)) | V31: =IF(F31="","",F31+ROW()/100000)
A32: V028 | F32: =IF(COUNT(B32:E32)=0,"",AVERAGE(B32:E32)) | G32: =IF(COUNT(B32:E32)<2,"",_xludf.STDEV.S(B32:E32)) | H32: =IF(COUNT(B32:E32)=0,"",MIN(B32:E32)) | I32: =IF(COUNT(B32:E32)=0,"",MAX(B32:E32)) | V32: =IF(F32="","",F32+ROW()/100000)
A33: V029 | F33: =IF(COUNT(B33:E33)=0,"",AVERAGE(B33:E33)) | G33: =IF(COUNT(B33:E33)<2,"",_xludf.STDEV.S(B33:E33)) | H33: =IF(COUNT(B33:E33)=0,"",MIN(B33:E33)) | I33: =IF(COUNT(B33:E33)=0,"",MAX(B33:E33)) | V33: =IF(F33="","",F33+ROW()/100000)
A34: V030 | F34: =IF(COUNT(B34:E34)=0,"",AVERAGE(B34:E34)) | G34: =IF(COUNT(B34:E34)<2,"",_xludf.STDEV.S(B34:E34)) | H34: =IF(COUNT(B34:E34)=0,"",MIN(B34:E34)) | I34: =IF(COUNT(B34:E34)=0,"",MAX(B34:E34)) | V34: =IF(F34="","",F34+ROW()/100000)
A35: V031 | F35: =IF(COUNT(B35:E35)=0,"",AVERAGE(B35:E35)) | G35: =IF(COUNT(B35:E35)<2,"",_xludf.STDEV.S(B35:E35)) | H35: =IF(COUNT(B35:E35)=0,"",MIN(B35:E35)) | I35: =IF(COUNT(B35:E35)=0,"",MAX(B35:E35)) | V35: =IF(F35="","",F35+ROW()/100000)
A36: V032 | F36: =IF(COUNT(B36:E36)=0,"",AVERAGE(B36:E36)) | G36: =IF(COUNT(B36:E36)<2,"",_xludf.STDEV.S(B36:E36)) | H36: =IF(COUNT(B36:E36)=0,"",MIN(B36:E36)) | I36: =IF(COUNT(B36:E36)=0,"",MAX(B36:E36)) | V36: =IF(F36="","",F36+ROW()/100000)
A37: V033 | F37: =IF(COUNT(B37:E37)=0,"",AVERAGE(B37:E37)) | G37: =IF(COUNT(B37:E37)<2,"",_xludf.STDEV.S(B37:E37)) | H37: =IF(COUNT(B37:E37)=0,"",MIN(B37:E37)) | I37: =IF(COUNT(B37:E37)=0,"",MAX(B37:E37)) | V37: =IF(F37="","",F37+ROW()/100000)
A38: V034 | F38: =IF(COUNT(B38:E38)=0,"",AVERAGE(B38:E38)) | G38: =IF(COUNT(B38:E38)<2,"",_xludf.STDEV.S(B38:E38)) | H38: =IF(COUNT(B38:E38)=0,"",MIN(B38:E38)) | I38: =IF(COUNT(B38:E38)=0,"",MAX(B38:E38)) | V38: =IF(F38="","",F38+ROW()/100000)
A39: V035 | F39: =IF(COUNT(B39:E39)=0,"",AVERAGE(B39:E39)) | G39: =IF(COUNT(B39:E39)<2,"",_xludf.STDEV.S(B39:E39)) | H39: =IF(COUNT(B39:E39)=0,"",MIN(B39:E39)) | I39: =IF(COUNT(B39:E39)=0,"",MAX(B39:E39)) | V39: =IF(F39="","",F39+ROW()/100000)
A40: V036 | F40: =IF(COUNT(B40:E40)=0,"",AVERAGE(B40:E40)) | G40: =IF(COUNT(B40:E40)<2,"",_xludf.STDEV.S(B40:E40)) | H40: =IF(COUNT(B40:E40)=0,"",MIN(B40:E40)) | I40: =IF(COUNT(B40:E40)=0,"",MAX(B40:E40)) | V40: =IF(F40="","",F40+ROW()/100000)
A41: V037 | F41: =IF(COUNT(B41:E41)=0,"",AVERAGE(B41:E41)) | G41: =IF(COUNT(B41:E41)<2,"",_xludf.STDEV.S(B41:E41)) | H41: =IF(COUNT(B41:E41)=0,"",MIN(B41:E41)) | I41: =IF(COUNT(B41:E41)=0,"",MAX(B41:E41)) | V41: =IF(F41="","",F41+ROW()/100000)
A42: V038 | F42: =IF(COUNT(B42:E42)=0,"",AVERAGE(B42:E42)) | G42: =IF(COUNT(B42:E42)<2,"",_xludf.STDEV.S(B42:E42)) | H42: =IF(COUNT(B42:E42)=0,"",MIN(B42:E42)) | I42: =IF(COUNT(B42:E42)=0,"",MAX(B42:E42)) | V42: =IF(F42="","",F42+ROW()/100000)
... A104: V100 | F104: =IF(COUNT(B104:E104)=0,"",AVERAGE(B104:E104)) | G104: =IF(COUNT(B104:E104)<2,"",_xludf.STDEV.S(B104:E104)) | H104: =IF(COUNT(B104:E104)=0,"",MIN(B104:E104)) | I104: =IF(COUNT(B104:E104)=0,"",MAX(B104:E104)) | V104: =IF(F104="","",F104+ROW()/100000)

Sheet Auswertung
A1: Ergebnisübersicht | B1: Ergebnisübersicht | C1: Ergebnisübersicht | D1: Ergebnisübersicht | E1: Ergebnisübersicht | F1: Ergebnisübersicht | G1: Ergebnisübersicht | H1: Ergebnisübersicht | I1: Ergebnisübersicht | J1: Ergebnisübersicht | K1: Ergebnisübersicht | L1: Ergebnisübersicht | M1: Ergebnisübersicht | N1: Ergebnisübersicht | O1: Ergebnisübersicht
A3: Auswertung nach Mittelwert: kleiner = besser. Die Tabelle unten zeigt die 10 schnellsten Einstellungen. | B3: Auswertung nach Mittelwert: kleiner = besser. Die Tabelle unten zeigt die 10 schnellsten Einstellungen. | C3: Auswertung nach Mittelwert: kleiner = besser. Die Tabelle unten zeigt die 10 schnellsten Einstellungen. | D3: Auswertung nach Mittelwert: kleiner = besser. Die Tabelle unten zeigt die 10 schnellsten Einstellungen. | E3: Auswertung nach Mittelwert: kleiner = besser. Die Tabelle unten zeigt die 10 schnellsten Einstellungen. | F3: Auswertung nach Mittelwert: kleiner = besser. Die Tabelle unten zeigt die 10 schnellsten Einstellungen. | G3: Auswertung nach Mittelwert: kleiner = besser. Die Tabelle unten zeigt die 10 schnellsten Einstellungen. | H3: Auswertung nach Mittelwert: kleiner = besser. Die Tabelle unten zeigt die 10 schnellsten Einstellungen. | I3: Auswertung nach Mittelwert: kleiner = besser. Die Tabelle unten zeigt die 10 schnellsten Einstellungen. | J3: Auswertung nach Mittelwert: kleiner = besser. Die Tabelle unten zeigt die 10 schnellsten Einstellungen. | K3: Auswertung nach Mittelwert: kleiner = besser. Die Tabelle unten zeigt die 10 schnellsten Einstellungen. | L3: Auswertung nach Mittelwert: kleiner = besser. Die Tabelle unten zeigt die 10 schnellsten Einstellungen. | M3: Auswertung nach Mittelwert: kleiner = besser. Die Tabelle unten zeigt die 10 schnellsten Einstellungen. | N3: Auswertung nach Mittelwert: kleiner = besser. Die Tabelle unten zeigt die 10 schnellsten Einstellungen. | O3: Auswertung nach Mittelwert: kleiner = besser. Die Tabelle unten zeigt die 10 schnellsten Einstellungen.
A5: Beste Mittelzeit | B5: =IF(COUNT(Messdaten!$F$5:$F$104)=0,"",MIN(Messdaten!$F$5:$F$104)) -> 27.2
A6: Beste Test-ID | B6: =IF(COUNT(Messdaten!$F$5:$F$104)=0,"",INDEX(Messdaten!$A$5:$A$104,MATCH(SMALL(Messdaten!$V$5:$V$104,1),Messdaten!$V$5:$V$104,0))) -> V009
A7: Ausgewertete Läufe | B7: =COUNT(Messdaten!$F$5:$F$104) -> 13
A8: Langsamste Mittelzeit | B8: =IF(COUNT(Messdaten!$F$5:$F$104)=0,"",MAX(Messdaten!$F$5:$F$104)) -> 37.775
A11: Rang | B11: Hilfswert | C11: Test_ID | D11: Mittelwert_s | E11: StdAbw_s | F11: Bestzeit_s | G11: Grund_Geschwindigkeit | H11: Min_Motor | I11: Max_Motor | J11: Losfahr_Geschwindigkeit | K11: Korrektur_Gerade | L11: Korrektur_Start | M11: Korrektur_Max | N11: Korrektur_Anstieg_s | O11: Gerade_Toleranz
A12: 1 | B12: =IFERROR(SMALL(Messdaten!$V$5:$V$104,A12),"") -> 27.20013 | C12: =IF(B12="","",INDEX(Messdaten!$A$5:$A$104,MATCH(B12,Messdaten!$V$5:$V$104,0))) -> V009 | D12: =IF(B12="","",INDEX(Messdaten!$F$5:$F$104,MATCH(B12,Messdaten!$V$5:$V$104,0))) -> 27.2 | E12: =IF(B12="","",INDEX(Messdaten!$G$5:$G$104,MATCH(B12,Messdaten!$V$5:$V$104,0))) -> 0.18257419 | F12: =IF(B12="","",INDEX(Messdaten!$H$5:$H$104,MATCH(B12,Messdaten!$V$5:$V$104,0))) -> 27 | G12: =IF(B12="","",INDEX(Messdaten!$J$5:$J$104,MATCH(B12,Messdaten!$V$5:$V$104,0))) -> 35 | H12: =IF(B12="","",INDEX(Messdaten!$K$5:$K$104,MATCH(B12,Messdaten!$V$5:$V$104,0))) -> -25 | I12: =IF(B12="","",INDEX(Messdaten!$L$5:$L$104,MATCH(B12,Messdaten!$V$5:$V$104,0))) -> 45 | J12: =IF(B12="","",INDEX(Messdaten!$M$5:$M$104,MATCH(B12,Messdaten!$V$5:$V$104,0))) -> empty | K12: =IF(B12="","",INDEX(Messdaten!$N$5:$N$104,MATCH(B12,Messdaten!$V$5:$V$104,0))) -> 8 | L12: =IF(B12="","",INDEX(Messdaten!$O$5:$O$104,MATCH(B12,Messdaten!$V$5:$V$104,0))) -> 5 | M12: =IF(B12="","",INDEX(Messdaten!$P$5:$P$104,MATCH(B12,Messdaten!$V$5:$V$104,0))) -> 35 | N12: =IF(B12="","",INDEX(Messdaten!$Q$5:$Q$104,MATCH(B12,Messdaten!$V$5:$V$104,0))) -> 12 | O12: =IF(B12="","",INDEX(Messdaten!$R$5:$R$104,MATCH(B12,Messdaten!$V$5:$V$104,0))) -> 0.3
A13: 2 | B13: =IFERROR(SMALL(Messdaten!$V$5:$V$104,A13),"") -> 27.20018 | C13: =IF(B13="","",INDEX(Messdaten!$A$5:$A$104,MATCH(B13,Messdaten!$V$5:$V$104,0))) -> V014 | D13: =IF(B13="","",INDEX(Messdaten!$F$5:$F$104,MATCH(B13,Messdaten!$V$5:$V$104,0))) -> 27.2 | E13: =IF(B13="","",INDEX(Messdaten!$G$5:$G$104,MATCH(B13,Messdaten!$V$5:$V$104,0))) -> 0.65828059 | F13: =IF(B13="","",INDEX(Messdaten!$H$5:$H$104,MATCH(B13,Messdaten!$V$5:$V$104,0))) -> 26.4 | G13: =IF(B13="","",INDEX(Messdaten!$J$5:$J$104,MATCH(B13,Messdaten!$V$5:$V$104,0))) -> 35 | H13: =IF(B13="","",INDEX(Messdaten!$K$5:$K$104,MATCH(B13,Messdaten!$V$5:$V$104,0))) -> -25 | I13: =IF(B13="","",INDEX(Messdaten!$L$5:$L$104,MATCH(B13,Messdaten!$V$5:$V$104,0))) -> 45 | J13: =IF(B13="","",INDEX(Messdaten!$M$5:$M$104,MATCH(B13,Messdaten!$V$5:$V$104,0))) -> empty | K13: =IF(B13="","",INDEX(Messdaten!$N$5:$N$104,MATCH(B13,Messdaten!$V$5:$V$104,0))) -> 8 | L13: =IF(B13="","",INDEX(Messdaten!$O$5:$O$104,MATCH(B13,Messdaten!$V$5:$V$104,0))) -> 5 | M13: =IF(B13="","",INDEX(Messdaten!$P$5:$P$104,MATCH(B13,Messdaten!$V$5:$V$104,0))) -> 35 | N13: =IF(B13="","",INDEX(Messdaten!$Q$5:$Q$104,MATCH(B13,Messdaten!$V$5:$V$104,0))) -> 12 | O13: =IF(B13="","",INDEX(Messdaten!$R$5:$R$104,MATCH(B13,Messdaten!$V$5:$V$104,0))) -> 0.3
A14: 3 | B14: =IFERROR(SMALL(Messdaten!$V$5:$V$104,A14),"") -> 28.02517 | C14: =IF(B14="","",INDEX(Messdaten!$A$5:$A$104,MATCH(B14,Messdaten!$V$5:$V$104,0))) -> V013 | D14: =IF(B14="","",INDEX(Messdaten!$F$5:$F$104,MATCH(B14,Messdaten!$V$5:$V$104,0))) -> 28.025 | E14: =IF(B14="","",INDEX(Messdaten!$G$5:$G$104,MATCH(B14,Messdaten!$V$5:$V$104,0))) -> 1.0531698 | F14: =IF(B14="","",INDEX(Messdaten!$H$5:$H$104,MATCH(B14,Messdaten!$V$5:$V$104,0))) -> 26.6 | G14: =IF(B14="","",INDEX(Messdaten!$J$5:$J$104,MATCH(B14,Messdaten!$V$5:$V$104,0))) -> 35 | H14: =IF(B14="","",INDEX(Messdaten!$K$5:$K$104,MATCH(B14,Messdaten!$V$5:$V$104,0))) -> -25 | I14: =IF(B14="","",INDEX(Messdaten!$L$5:$L$104,MATCH(B14,Messdaten!$V$5:$V$104,0))) -> 45 | J14: =IF(B14="","",INDEX(Messdaten!$M$5:$M$104,MATCH(B14,Messdaten!$V$5:$V$104,0))) -> empty | K14: =IF(B14="","",INDEX(Messdaten!$N$5:$N$104,MATCH(B14,Messdaten!$V$5:$V$104,0))) -> 8 | L14: =IF(B14="","",INDEX(Messdaten!$O$5:$O$104,MATCH(B14,Messdaten!$V$5:$V$104,0))) -> 5 | M14: =IF(B14="","",INDEX(Messdaten!$P$5:$P$104,MATCH(B14,Messdaten!$V$5:$V$104,0))) -> 35 | N14: =IF(B14="","",INDEX(Messdaten!$Q$5:$Q$104,MATCH(B14,Messdaten!$V$5:$V$104,0))) -> 12 | O14: =IF(B14="","",INDEX(Messdaten!$R$5:$R$104,MATCH(B14,Messdaten!$V$5:$V$104,0))) -> 0.3
A15: 4 | B15: =IFERROR(SMALL(Messdaten!$V$5:$V$104,A15),"") -> 28.07514 | C15: =IF(B15="","",INDEX(Messdaten!$A$5:$A$104,MATCH(B15,Messdaten!$V$5:$V$104,0))) -> V010 | D15: =IF(B15="","",INDEX(Messdaten!$F$5:$F$104,MATCH(B15,Messdaten!$V$5:$V$104,0))) -> 28.075 | E15: =IF(B15="","",INDEX(Messdaten!$G$5:$G$104,MATCH(B15,Messdaten!$V$5:$V$104,0))) -> 0.83016063 | F15: =IF(B15="","",INDEX(Messdaten!$H$5:$H$104,MATCH(B15,Messdaten!$V$5:$V$104,0))) -> 27 | G15: =IF(B15="","",INDEX(Messdaten!$J$5:$J$104,MATCH(B15,Messdaten!$V$5:$V$104,0))) -> 37 | H15: =IF(B15="","",INDEX(Messdaten!$K$5:$K$104,MATCH(B15,Messdaten!$V$5:$V$104,0))) -> -25 | I15: =IF(B15="","",INDEX(Messdaten!$L$5:$L$104,MATCH(B15,Messdaten!$V$5:$V$104,0))) -> 42 | J15: =IF(B15="","",INDEX(Messdaten!$M$5:$M$104,MATCH(B15,Messdaten!$V$5:$V$104,0))) -> empty | K15: =IF(B15="","",INDEX(Messdaten!$N$5:$N$104,MATCH(B15,Messdaten!$V$5:$V$104,0))) -> 8 | L15: =IF(B15="","",INDEX(Messdaten!$O$5:$O$104,MATCH(B15,Messdaten!$V$5:$V$104,0))) -> 5 | M15: =IF(B15="","",INDEX(Messdaten!$P$5:$P$104,MATCH(B15,Messdaten!$V$5:$V$104,0))) -> 35 | N15: =IF(B15="","",INDEX(Messdaten!$Q$5:$Q$104,MATCH(B15,Messdaten!$V$5:$V$104,0))) -> 12 | O15: =IF(B15="","",INDEX(Messdaten!$R$5:$R$104,MATCH(B15,Messdaten!$V$5:$V$104,0))) -> 0.8
A16: 5 | B16: =IFERROR(SMALL(Messdaten!$V$5:$V$104,A16),"") -> 28.37515 | C16: =IF(B16="","",INDEX(Messdaten!$A$5:$A$104,MATCH(B16,Messdaten!$V$5:$V$104,0))) -> V011 | D16: =IF(B16="","",INDEX(Messdaten!$F$5:$F$104,MATCH(B16,Messdaten!$V$5:$V$104,0))) -> 28.375 | E16: =IF(B16="","",INDEX(Messdaten!$G$5:$G$104,MATCH(B16,Messdaten!$V$5:$V$104,0))) -> 1.7017148 | F16: =IF(B16="","",INDEX(Messdaten!$H$5:$H$104,MATCH(B16,Messdaten!$V$5:$V$104,0))) -> 27 | G16: =IF(B16="","",INDEX(Messdaten!$J$5:$J$104,MATCH(B16,Messdaten!$V$5:$V$104,0))) -> 37 | H16: =IF(B16="","",INDEX(Messdaten!$K$5:$K$104,MATCH(B16,Messdaten!$V$5:$V$104,0))) -> -25 | I16: =IF(B16="","",INDEX(Messdaten!$L$5:$L$104,MATCH(B16,Messdaten!$V$5:$V$104,0))) -> 42 | J16: =IF(B16="","",INDEX(Messdaten!$M$5:$M$104,MATCH(B16,Messdaten!$V$5:$V$104,0))) -> empty | K16: =IF(B16="","",INDEX(Messdaten!$N$5:$N$104,MATCH(B16,Messdaten!$V$5:$V$104,0))) -> 8 | L16: =IF(B16="","",INDEX(Messdaten!$O$5:$O$104,MATCH(B16,Messdaten!$V$5:$V$104,0))) -> 5 | M16: =IF(B16="","",INDEX(Messdaten!$P$5:$P$104,MATCH(B16,Messdaten!$V$5:$V$104,0))) -> 35 | N16: =IF(B16="","",INDEX(Messdaten!$Q$5:$Q$104,MATCH(B16,Messdaten!$V$5:$V$104,0))) -> 12 | O16: =IF(B16="","",INDEX(Messdaten!$R$5:$R$104,MATCH(B16,Messdaten!$V$5:$V$104,0))) -> 0.8
A17: 6 | B17: =IFERROR(SMALL(Messdaten!$V$5:$V$104,A17),"") -> 29.42516 | C17: =IF(B17="","",INDEX(Messdaten!$A$5:$A$104,MATCH(B17,Messdaten!$V$5:$V$104,0))) -> V012 | D17: =IF(B17="","",INDEX(Messdaten!$F$5:$F$104,MATCH(B17,Messdaten!$V$5:$V$104,0))) -> 29.425 | E17: =IF(B17="","",INDEX(Messdaten!$G$5:$G$104,MATCH(B17,Messdaten!$V$5:$V$104,0))) -> 1.0719919 | F17: =IF(B17="","",INDEX(Messdaten!$H$5:$H$104,MATCH(B17,Messdaten!$V$5:$V$104,0))) -> 28.6 | G17: =IF(B17="","",INDEX(Messdaten!$J$5:$J$104,MATCH(B17,Messdaten!$V$5:$V$104,0))) -> 35 | H17: =IF(B17="","",INDEX(Messdaten!$K$5:$K$104,MATCH(B17,Messdaten!$V$5:$V$104,0))) -> -25 | I17: =IF(B17="","",INDEX(Messdaten!$L$5:$L$104,MATCH(B17,Messdaten!$V$5:$V$104,0))) -> 45 | J17: =IF(B17="","",INDEX(Messdaten!$M$5:$M$104,MATCH(B17,Messdaten!$V$5:$V$104,0))) -> empty | K17: =IF(B17="","",INDEX(Messdaten!$N$5:$N$104,MATCH(B17,Messdaten!$V$5:$V$104,0))) -> 8 | L17: =IF(B17="","",INDEX(Messdaten!$O$5:$O$104,MATCH(B17,Messdaten!$V$5:$V$104,0))) -> 5 | M17: =IF(B17="","",INDEX(Messdaten!$P$5:$P$104,MATCH(B17,Messdaten!$V$5:$V$104,0))) -> 35 | N17: =IF(B17="","",INDEX(Messdaten!$Q$5:$Q$104,MATCH(B17,Messdaten!$V$5:$V$104,0))) -> 12 | O17: =IF(B17="","",INDEX(Messdaten!$R$5:$R$104,MATCH(B17,Messdaten!$V$5:$V$104,0))) -> 0.8
A18: 7 | B18: =IFERROR(SMALL(Messdaten!$V$5:$V$104,A18),"") -> 30.20011 | C18: =IF(B18="","",INDEX(Messdaten!$A$5:$A$104,MATCH(B18,Messdaten!$V$5:$V$104,0))) -> V007 | D18: =IF(B18="","",INDEX(Messdaten!$F$5:$F$104,MATCH(B18,Messdaten!$V$5:$V$104,0))) -> 30.2 | E18: =IF(B18="","",INDEX(Messdaten!$G$5:$G$104,MATCH(B18,Messdaten!$V$5:$V$104,0))) -> 0.9797959 | F18: =IF(B18="","",INDEX(Messdaten!$H$5:$H$104,MATCH(B18,Messdaten!$V$5:$V$104,0))) -> 29 | G18: =IF(B18="","",INDEX(Messdaten!$J$5:$J$104,MATCH(B18,Messdaten!$V$5:$V$104,0))) -> 30 | H18: =IF(B18="","",INDEX(Messdaten!$K$5:$K$104,MATCH(B18,Messdaten!$V$5:$V$104,0))) -> -25 | I18: =IF(B18="","",INDEX(Messdaten!$L$5:$L$104,MATCH(B18,Messdaten!$V$5:$V$104,0))) -> 45 | J18: =IF(B18="","",INDEX(Messdaten!$M$5:$M$104,MATCH(B18,Messdaten!$V$5:$V$104,0))) -> empty | K18: =IF(B18="","",INDEX(Messdaten!$N$5:$N$104,MATCH(B18,Messdaten!$V$5:$V$104,0))) -> 10 | L18: =IF(B18="","",INDEX(Messdaten!$O$5:$O$104,MATCH(B18,Messdaten!$V$5:$V$104,0))) -> 8 | M18: =IF(B18="","",INDEX(Messdaten!$P$5:$P$104,MATCH(B18,Messdaten!$V$5:$V$104,0))) -> 35 | N18: =IF(B18="","",INDEX(Messdaten!$Q$5:$Q$104,MATCH(B18,Messdaten!$V$5:$V$104,0))) -> 12 | O18: =IF(B18="","",INDEX(Messdaten!$R$5:$R$104,MATCH(B18,Messdaten!$V$5:$V$104,0))) -> 0.5
A19: 8 | B19: =IFERROR(SMALL(Messdaten!$V$5:$V$104,A19),"") -> 30.82512 | C19: =IF(B19="","",INDEX(Messdaten!$A$5:$A$104,MATCH(B19,Messdaten!$V$5:$V$104,0))) -> V008 | D19: =IF(B19="","",INDEX(Messdaten!$F$5:$F$104,MATCH(B19,Messdaten!$V$5:$V$104,0))) -> 30.825 | E19: =IF(B19="","",INDEX(Messdaten!$G$5:$G$104,MATCH(B19,Messdaten!$V$5:$V$104,0))) -> 0.59090326 | F19: =IF(B19="","",INDEX(Messdaten!$H$5:$H$104,MATCH(B19,Messdaten!$V$5:$V$104,0))) -> 30 | G19: =IF(B19="","",INDEX(Messdaten!$J$5:$J$104,MATCH(B19,Messdaten!$V$5:$V$104,0))) -> 30 | H19: =IF(B19="","",INDEX(Messdaten!$K$5:$K$104,MATCH(B19,Messdaten!$V$5:$V$104,0))) -> -25 | I19: =IF(B19="","",INDEX(Messdaten!$L$5:$L$104,MATCH(B19,Messdaten!$V$5:$V$104,0))) -> 45 | J19: =IF(B19="","",INDEX(Messdaten!$M$5:$M$104,MATCH(B19,Messdaten!$V$5:$V$104,0))) -> empty | K19: =IF(B19="","",INDEX(Messdaten!$N$5:$N$104,MATCH(B19,Messdaten!$V$5:$V$104,0))) -> 8 | L19: =IF(B19="","",INDEX(Messdaten!$O$5:$O$104,MATCH(B19,Messdaten!$V$5:$V$104,0))) -> 5 | M19: =IF(B19="","",INDEX(Messdaten!$P$5:$P$104,MATCH(B19,Messdaten!$V$5:$V$104,0))) -> 35 | N19: =IF(B19="","",INDEX(Messdaten!$Q$5:$Q$104,MATCH(B19,Messdaten!$V$5:$V$104,0))) -> 12 | O19: =IF(B19="","",INDEX(Messdaten!$R$5:$R$104,MATCH(B19,Messdaten!$V$5:$V$104,0))) -> 0.5
A20: 9 | B20: =IFERROR(SMALL(Messdaten!$V$5:$V$104,A20),"") -> 32.20009 | C20: =IF(B20="","",INDEX(Messdaten!$A$5:$A$104,MATCH(B20,Messdaten!$V$5:$V$104,0))) -> V005 | D20: =IF(B20="","",INDEX(Messdaten!$F$5:$F$104,MATCH(B20,Messdaten!$V$5:$V$104,0))) -> 32.2 | E20: =IF(B20="","",INDEX(Messdaten!$G$5:$G$104,MATCH(B20,Messdaten!$V$5:$V$104,0))) -> 0.84852814 | F20: =IF(B20="","",INDEX(Messdaten!$H$5:$H$104,MATCH(B20,Messdaten!$V$5:$V$104,0))) -> 31.6 | G20: =IF(B20="","",INDEX(Messdaten!$J$5:$J$104,MATCH(B20,Messdaten!$V$5:$V$104,0))) -> 30 | H20: =IF(B20="","",INDEX(Messdaten!$K$5:$K$104,MATCH(B20,Messdaten!$V$5:$V$104,0))) -> -22 | I20: =IF(B20="","",INDEX(Messdaten!$L$5:$L$104,MATCH(B20,Messdaten!$V$5:$V$104,0))) -> 40 | J20: =IF(B20="","",INDEX(Messdaten!$M$5:$M$104,MATCH(B20,Messdaten!$V$5:$V$104,0))) -> 20 | K20: =IF(B20="","",INDEX(Messdaten!$N$5:$N$104,MATCH(B20,Messdaten!$V$5:$V$104,0))) -> 10 | L20: =IF(B20="","",INDEX(Messdaten!$O$5:$O$104,MATCH(B20,Messdaten!$V$5:$V$104,0))) -> 8 | M20: =IF(B20="","",INDEX(Messdaten!$P$5:$P$104,MATCH(B20,Messdaten!$V$5:$V$104,0))) -> 35 | N20: =IF(B20="","",INDEX(Messdaten!$Q$5:$Q$104,MATCH(B20,Messdaten!$V$5:$V$104,0))) -> 12 | O20: =IF(B20="","",INDEX(Messdaten!$R$5:$R$104,MATCH(B20,Messdaten!$V$5:$V$104,0))) -> 0.15
A21: 10 | B21: =IFERROR(SMALL(Messdaten!$V$5:$V$104,A21),"") -> 32.37508 | C21: =IF(B21="","",INDEX(Messdaten!$A$5:$A$104,MATCH(B21,Messdaten!$V$5:$V$104,0))) -> V004 | D21: =IF(B21="","",INDEX(Messdaten!$F$5:$F$104,MATCH(B21,Messdaten!$V$5:$V$104,0))) -> 32.375 | E21: =IF(B21="","",INDEX(Messdaten!$G$5:$G$104,MATCH(B21,Messdaten!$V$5:$V$104,0))) -> 0.45 | F21: =IF(B21="","",INDEX(Messdaten!$H$5:$H$104,MATCH(B21,Messdaten!$V$5:$V$104,0))) -> 32 | G21: =IF(B21="","",INDEX(Messdaten!$J$5:$J$104,MATCH(B21,Messdaten!$V$5:$V$104,0))) -> 30 | H21: =IF(B21="","",INDEX(Messdaten!$K$5:$K$104,MATCH(B21,Messdaten!$V$5:$V$104,0))) -> -22 | I21: =IF(B21="","",INDEX(Messdaten!$L$5:$L$104,MATCH(B21,Messdaten!$V$5:$V$104,0))) -> 40 | J21: =IF(B21="","",INDEX(Messdaten!$M$5:$M$104,MATCH(B21,Messdaten!$V$5:$V$104,0))) -> 20 | K21: =IF(B21="","",INDEX(Messdaten!$N$5:$N$104,MATCH(B21,Messdaten!$V$5:$V$104,0))) -> 10 | L21: =IF(B21="","",INDEX(Messdaten!$O$5:$O$104,MATCH(B21,Messdaten!$V$5:$V$104,0))) -> 12 | M21: =IF(B21="","",INDEX(Messdaten!$P$5:$P$104,MATCH(B21,Messdaten!$V$5:$V$104,0))) -> 35 | N21: =IF(B21="","",INDEX(Messdaten!$Q$5:$Q$104,MATCH(B21,Messdaten!$V$5:$V$104,0))) -> 10 | O21: =IF(B21="","",INDEX(Messdaten!$R$5:$R$104,MATCH(B21,Messdaten!$V$5:$V$104,0))) -> 0.15
